                  epoch,         train/box_loss,         train/seg_loss,         train/obj_loss,         train/cls_loss,   metrics/precision(B),      metrics/recall(B),     metrics/mAP_0.5(B),metrics/mAP_0.5:0.95(B),   metrics/precision(M),      metrics/recall(M),     metrics/mAP_0.5(M),metrics/mAP_0.5:0.95(M),           val/box_loss,           val/seg_loss,           val/obj_loss,           val/cls_loss,                  x/lr0,                  x/lr1,                  x/lr2
                      0,                 0.1186,                0.14656,               0.023534,                      0,              0.0033333,                      1,              0.0066333,              0.0013411,              0.0016667,                    0.5,              0.0046199,             0.00046199,                0.08471,                0.10198,               0.013911,                      0,                    0.1,                      0,                      0
                      1,                0.11211,                0.14487,               0.023862,                      0,              0.0033333,                      1,              0.0078287,              0.0018159,              0.0016667,                    0.5,              0.0048446,             0.00082879,               0.084532,               0.099864,               0.013913,                      0,                 0.0991,              9.955e-05,              9.955e-05
                      2,                0.11973,                0.10887,                0.02336,                      0,              0.0033333,                      1,               0.008106,              0.0018273,              0.0016667,                    0.5,               0.004925,             0.00083141,               0.084045,               0.094551,                0.01398,                      0,               0.098198,              0.0001982,              0.0001982
                      3,                0.11989,                0.10014,               0.024012,                      0,              0.0033333,                      1,              0.0076245,              0.0020903,              0.0016667,                    0.5,              0.0048446,             0.00081644,                0.08374,               0.094413,               0.014025,                      0,               0.097296,             0.00029595,             0.00029595
                      4,                0.11176,               0.085979,               0.021791,                      0,              0.0033333,                      1,              0.0053871,              0.0018087,              0.0016667,                    0.5,              0.0049663,              0.0011316,               0.082326,               0.084449,               0.014241,                      0,               0.096393,              0.0003928,              0.0003928
                      5,                0.11348,                0.10471,               0.021543,                      0,              0.0033333,                      1,              0.0046354,              0.0017155,              0.0016667,                    0.5,              0.0031299,               0.001252,               0.080726,               0.070923,               0.014447,                      0,               0.095489,             0.00048875,             0.00048875
                      6,                0.10818,               0.095717,               0.026568,                      0,              0.0033333,                      1,              0.0082794,              0.0021294,              0.0016667,                    0.5,              0.0046558,              0.0014416,               0.079128,               0.057613,               0.014574,                      0,               0.094584,              0.0005838,              0.0005838
                      7,                0.11728,                0.06448,               0.021763,                      0,              0.0033333,                      1,              0.0092525,              0.0015021,              0.0016667,                    0.5,              0.0055281,              0.0016584,               0.075829,               0.045864,               0.014871,                      0,               0.093678,             0.00067795,             0.00067795
                      8,                0.11224,               0.049134,               0.023472,                      0,              0.0033333,                      1,              0.0092525,              0.0015021,              0.0016667,                    0.5,              0.0055281,              0.0016584,               0.075829,               0.045864,               0.014871,                      0,               0.092771,              0.0007712,              0.0007712
                      9,                0.10625,               0.068402,               0.028552,                      0,              0.0033333,                      1,               0.019448,              0.0045212,              0.0033333,                      1,                0.01363,              0.0047777,               0.071825,               0.038116,               0.015071,                      0,               0.091864,             0.00086355,             0.00086355
                     10,                0.10681,               0.068292,               0.025131,                      0,              0.0033333,                      1,               0.019448,              0.0045212,              0.0033333,                      1,                0.01363,              0.0047777,               0.071825,               0.038116,               0.015071,                      0,               0.090955,               0.000955,               0.000955
                     11,               0.064473,               0.047763,               0.022203,                      0,              0.0033333,                      1,               0.022553,              0.0066911,              0.0033333,                      1,               0.022553,              0.0074698,               0.060494,               0.031353,               0.015592,                      0,               0.090046,              0.0010455,              0.0010455
                     12,                  0.116,               0.037564,               0.023119,                      0,              0.0033333,                      1,               0.022553,              0.0066911,              0.0033333,                      1,               0.022553,              0.0074698,               0.060494,               0.031353,               0.015592,                      0,               0.089135,              0.0011352,              0.0011352
                     13,               0.097288,               0.040215,               0.024323,                      0,              0.0033333,                      1,               0.020603,              0.0064749,              0.0033333,                      1,               0.020603,              0.0082638,               0.050026,               0.027537,               0.015896,                      0,               0.088224,              0.0012239,              0.0012239
                     14,               0.062463,               0.040556,               0.027488,                      0,              0.0033333,                      1,               0.020603,              0.0064749,              0.0033333,                      1,               0.020603,              0.0082638,               0.050026,               0.027537,               0.015896,                      0,               0.087312,              0.0013118,              0.0013118
                     15,               0.089559,               0.043146,               0.027843,                      0,              0.0033333,                      1,                 0.4975,                0.15077,              0.0033333,                      1,                 0.4975,                0.16458,               0.043337,               0.023883,               0.016157,                      0,               0.086399,              0.0013988,              0.0013988
                     16,               0.090472,               0.045785,               0.030081,                      0,              0.0033333,                      1,                 0.4975,                0.15077,              0.0033333,                      1,                 0.4975,                0.16458,               0.043337,               0.023883,               0.016157,                      0,               0.085485,              0.0014848,              0.0014848
                     17,               0.093839,                0.04994,               0.029841,                      0,              0.0033333,                      1,                 0.4975,                0.34825,              0.0033333,                      1,                 0.4975,                0.36067,               0.039835,               0.020736,               0.017135,                      0,                0.08457,              0.0015699,              0.0015699
                     18,               0.076703,               0.025969,               0.022927,                      0,              0.0033333,                      1,                 0.4975,                0.34825,              0.0033333,                      1,                 0.4975,                0.36067,               0.039835,               0.020736,               0.017135,                      0,               0.083654,              0.0016542,              0.0016542
                     19,               0.084547,               0.034409,               0.030564,                      0,              0.0033333,                      1,                 0.4975,                0.36479,              0.0033333,                      1,                 0.4975,                  0.398,               0.042488,               0.018934,               0.016734,                      0,               0.082738,              0.0017376,              0.0017376
                     20,               0.060763,                0.02425,               0.021278,                      0,              0.0033333,                      1,                 0.4975,                0.36479,              0.0033333,                      1,                 0.4975,                  0.398,               0.042488,               0.018934,               0.016734,                      0,                0.08182,                0.00182,                0.00182
                     21,               0.078945,               0.033124,               0.028975,                      0,              0.0033333,                      1,                0.33167,                  0.199,              0.0033333,                      1,                0.33167,                0.21971,                0.03813,               0.016781,               0.017207,                      0,               0.080902,              0.0019016,              0.0019016
                     22,               0.098283,               0.026212,                0.02959,                      0,              0.0033333,                      1,                0.33167,                  0.199,              0.0033333,                      1,                0.33167,                0.21971,                0.03813,               0.016781,               0.017207,                      0,               0.079982,              0.0019822,              0.0019822
                     23,                0.04635,               0.017337,               0.028113,                      0,              0.0033333,                      1,                0.33167,                  0.199,              0.0033333,                      1,                0.33167,                0.21971,                0.03813,               0.016781,               0.017207,                      0,               0.079062,              0.0020619,              0.0020619
                     24,               0.078316,               0.021603,               0.026718,                      0,              0.0033333,                      1,                  0.199,               0.096101,              0.0033333,                      1,                  0.199,                0.12357,               0.035569,               0.016214,               0.017159,                      0,               0.078141,              0.0021408,              0.0021408
                     25,               0.047859,               0.023671,                0.01974,                      0,              0.0033333,                      1,                  0.199,               0.096101,              0.0033333,                      1,                  0.199,                0.12357,               0.035569,               0.016214,               0.017159,                      0,               0.077219,              0.0022187,              0.0022187
                     26,               0.096392,               0.036364,                0.03165,                      0,              0.0033333,                      1,                  0.199,               0.096101,              0.0033333,                      1,                  0.199,                0.12357,               0.035569,               0.016214,               0.017159,                      0,               0.076296,              0.0022958,              0.0022958
                     27,               0.079755,               0.017477,               0.027948,                      0,              0.0033333,                      1,                  0.398,                0.19044,              0.0033333,                      1,                  0.398,                0.25189,               0.040761,               0.014791,               0.016978,                      0,               0.075372,              0.0023719,              0.0023719
                     28,               0.094689,               0.028017,               0.029684,                      0,              0.0033333,                      1,                  0.398,                0.19044,              0.0033333,                      1,                  0.398,                0.25189,               0.040761,               0.014791,               0.016978,                      0,               0.074447,              0.0024472,              0.0024472
                     29,               0.095019,               0.041041,                0.03014,                      0,              0.0033333,                      1,                  0.398,                0.19044,              0.0033333,                      1,                  0.398,                0.25189,               0.040761,               0.014791,               0.016978,                      0,               0.073522,              0.0025216,              0.0025216
                     30,               0.074704,               0.020364,               0.030196,                      0,              0.0033333,                      1,                  0.995,                0.37288,              0.0033333,                      1,                  0.995,                0.72129,               0.041655,               0.014868,                0.01644,                      0,               0.072595,               0.002595,               0.002595
                     31,               0.064329,               0.014451,               0.026576,                      0,              0.0033333,                      1,                  0.995,                0.37288,              0.0033333,                      1,                  0.995,                0.72129,               0.041655,               0.014868,                0.01644,                      0,               0.071668,              0.0026676,              0.0026676
                     32,               0.085818,               0.033055,                0.03203,                      0,              0.0033333,                      1,                  0.995,                0.37288,              0.0033333,                      1,                  0.995,                0.72129,               0.041655,               0.014868,                0.01644,                      0,               0.070739,              0.0027392,              0.0027392
                     33,               0.091427,               0.031599,               0.037911,                      0,              0.0058661,                      1,                  0.745,                0.23763,              0.0058661,                      1,                  0.745,                  0.591,               0.042093,               0.015311,               0.015231,                      0,                0.06981,              0.0028099,              0.0028099
                     34,               0.071586,               0.022242,               0.024734,                      0,              0.0058661,                      1,                  0.745,                0.23763,              0.0058661,                      1,                  0.745,                  0.591,               0.042093,               0.015311,               0.015231,                      0,                0.06888,              0.0028798,              0.0028798
                     35,               0.084279,               0.014634,               0.023635,                      0,              0.0058661,                      1,                  0.745,                0.23763,              0.0058661,                      1,                  0.745,                  0.591,               0.042093,               0.015311,               0.015231,                      0,               0.067949,              0.0029487,              0.0029487
                     36,               0.074063,               0.018229,               0.034022,                      0,              0.0058661,                      1,                  0.745,                0.23763,              0.0058661,                      1,                  0.745,                  0.591,               0.042093,               0.015311,               0.015231,                      0,               0.067017,              0.0030168,              0.0030168
                     37,               0.076775,               0.025487,               0.033958,                      0,                0.11459,                      1,                0.66333,                 0.1665,                0.11459,                      1,                0.66333,                0.26469,               0.045343,                0.01493,               0.013536,                      0,               0.066084,              0.0030839,              0.0030839
                     38,               0.075381,                0.01622,               0.031211,                      0,                0.11459,                      1,                0.66333,                 0.1665,                0.11459,                      1,                0.66333,                0.26469,               0.045343,                0.01493,               0.013536,                      0,                0.06515,              0.0031502,              0.0031502
                     39,                0.08324,               0.024772,               0.025101,                      0,                0.11459,                      1,                0.66333,                 0.1665,                0.11459,                      1,                0.66333,                0.26469,               0.045343,                0.01493,               0.013536,                      0,               0.064216,              0.0032155,              0.0032155
                     40,               0.074934,               0.032413,               0.024388,                      0,                0.11459,                      1,                0.66333,                 0.1665,                0.11459,                      1,                0.66333,                0.26469,               0.045343,                0.01493,               0.013536,                      0,                0.06328,                0.00328,                0.00328
                     41,                0.07471,               0.026332,               0.028977,                      0,                0.30315,                      1,                  0.995,                0.36979,                0.30315,                      1,                  0.995,                0.48571,               0.045331,               0.014605,               0.014247,                      0,               0.062344,              0.0033436,              0.0033436
                     42,               0.074072,               0.023883,               0.031988,                      0,                0.30315,                      1,                  0.995,                0.36979,                0.30315,                      1,                  0.995,                0.48571,               0.045331,               0.014605,               0.014247,                      0,               0.061406,              0.0034062,              0.0034062
                     43,               0.076554,               0.019885,               0.027864,                      0,                0.30315,                      1,                  0.995,                0.36979,                0.30315,                      1,                  0.995,                0.48571,               0.045331,               0.014605,               0.014247,                      0,               0.060468,              0.0034679,              0.0034679
                     44,               0.067254,               0.015275,               0.025051,                      0,                0.30315,                      1,                  0.995,                0.36979,                0.30315,                      1,                  0.995,                0.48571,               0.045331,               0.014605,               0.014247,                      0,               0.059529,              0.0035288,              0.0035288
                     45,               0.048634,               0.018608,               0.025891,                      0,                0.22167,                      1,                  0.745,                0.23253,                0.22167,                      1,                  0.745,                0.57594,               0.039085,               0.011769,               0.014489,                      0,               0.058589,              0.0035887,              0.0035887
                     46,               0.070796,               0.016709,               0.028784,                      0,                0.22167,                      1,                  0.745,                0.23253,                0.22167,                      1,                  0.745,                0.57594,               0.039085,               0.011769,               0.014489,                      0,               0.057648,              0.0036478,              0.0036478
                     47,               0.067953,               0.018178,               0.026193,                      0,                0.22167,                      1,                  0.745,                0.23253,                0.22167,                      1,                  0.745,                0.57594,               0.039085,               0.011769,               0.014489,                      0,               0.056706,              0.0037059,              0.0037059
                     48,               0.058632,               0.011367,               0.028432,                      0,                0.22167,                      1,                  0.745,                0.23253,                0.22167,                      1,                  0.745,                0.57594,               0.039085,               0.011769,               0.014489,                      0,               0.055763,              0.0037632,              0.0037632
                     49,               0.066665,               0.015425,               0.030286,                      0,                0.86584,                      1,                  0.995,                0.52229,                0.86584,                      1,                  0.995,                0.82054,               0.033672,              0.0096808,               0.013553,                      0,                0.05482,              0.0038195,              0.0038195
                     50,               0.070066,               0.024133,               0.027759,                      0,                0.86584,                      1,                  0.995,                0.52229,                0.86584,                      1,                  0.995,                0.82054,               0.033672,              0.0096808,               0.013553,                      0,               0.053875,               0.003875,               0.003875
                     51,               0.081054,               0.013839,               0.017765,                      0,                0.86584,                      1,                  0.995,                0.52229,                0.86584,                      1,                  0.995,                0.82054,               0.033672,              0.0096808,               0.013553,                      0,                0.05293,              0.0039296,              0.0039296
                     52,               0.067814,              0.0092653,               0.023081,                      0,                0.86584,                      1,                  0.995,                0.52229,                0.86584,                      1,                  0.995,                0.82054,               0.033672,              0.0096808,               0.013553,                      0,               0.051983,              0.0039832,              0.0039832
                     53,               0.065112,               0.027173,               0.028236,                      0,                0.86584,                      1,                  0.995,                0.52229,                0.86584,                      1,                  0.995,                0.82054,               0.033672,              0.0096808,               0.013553,                      0,               0.051036,              0.0040359,              0.0040359
                     54,               0.070246,               0.019977,               0.022157,                      0,                 0.5774,                      1,                  0.995,                0.43113,                 0.5774,                      1,                  0.995,                0.77525,               0.042621,              0.0087605,                0.01357,                      0,               0.050088,              0.0040878,              0.0040878
                     55,               0.077699,               0.020593,               0.020707,                      0,                 0.5774,                      1,                  0.995,                0.43113,                 0.5774,                      1,                  0.995,                0.77525,               0.042621,              0.0087605,                0.01357,                      0,               0.049139,              0.0041388,              0.0041388
                     56,               0.068137,               0.012221,               0.027968,                      0,                 0.5774,                      1,                  0.995,                0.43113,                 0.5774,                      1,                  0.995,                0.77525,               0.042621,              0.0087605,                0.01357,                      0,               0.048189,              0.0041888,              0.0041888
                     57,                0.07711,               0.014442,               0.021959,                      0,                 0.5774,                      1,                  0.995,                0.43113,                 0.5774,                      1,                  0.995,                0.77525,               0.042621,              0.0087605,                0.01357,                      0,               0.047238,              0.0042379,              0.0042379
                     58,               0.075937,               0.036016,               0.026572,                      0,                 0.5774,                      1,                  0.995,                0.43113,                 0.5774,                      1,                  0.995,                0.77525,               0.042621,              0.0087605,                0.01357,                      0,               0.046286,              0.0042862,              0.0042862
                     59,               0.078648,               0.013442,               0.031059,                      0,                0.18772,                      1,                0.22111,               0.053381,                0.56367,                    0.5,                0.66167,                0.34333,               0.052348,              0.0094381,                0.01222,                      0,               0.045334,              0.0043336,              0.0043336
                     60,               0.077299,               0.012285,               0.024066,                      0,                0.18772,                      1,                0.22111,               0.053381,                0.56367,                    0.5,                0.66167,                0.34333,               0.052348,              0.0094381,                0.01222,                      0,                0.04438,                0.00438,                0.00438
                     61,               0.077835,               0.013792,               0.024452,                      0,                0.18772,                      1,                0.22111,               0.053381,                0.56367,                    0.5,                0.66167,                0.34333,               0.052348,              0.0094381,                0.01222,                      0,               0.043426,              0.0044256,              0.0044256
                     62,               0.079208,               0.014916,               0.029697,                      0,                0.18772,                      1,                0.22111,               0.053381,                0.56367,                    0.5,                0.66167,                0.34333,               0.052348,              0.0094381,                0.01222,                      0,                0.04247,              0.0044702,              0.0044702
                     63,               0.061474,               0.013608,               0.021041,                      0,                0.18772,                      1,                0.22111,               0.053381,                0.56367,                    0.5,                0.66167,                0.34333,               0.052348,              0.0094381,                0.01222,                      0,               0.041514,               0.004514,               0.004514
                     64,               0.074461,                 0.0132,               0.027395,                      0,                0.26408,                      1,                  0.398,                0.19853,                      1,                0.88302,                  0.995,                0.67276,                 0.0445,              0.0088571,                 0.0131,                      0,               0.040557,              0.0045568,              0.0045568
                     65,               0.083695,               0.012869,               0.022873,                      0,                0.26408,                      1,                  0.398,                0.19853,                      1,                0.88302,                  0.995,                0.67276,                 0.0445,              0.0088571,                 0.0131,                      0,               0.039599,              0.0045988,              0.0045988
                     66,               0.068094,               0.014502,               0.024135,                      0,                0.26408,                      1,                  0.398,                0.19853,                      1,                0.88302,                  0.995,                0.67276,                 0.0445,              0.0088571,                 0.0131,                      0,                0.03864,              0.0046398,              0.0046398
                     67,               0.080202,               0.015166,               0.030579,                      0,                0.26408,                      1,                  0.398,                0.19853,                      1,                0.88302,                  0.995,                0.67276,                 0.0445,              0.0088571,                 0.0131,                      0,                0.03768,                0.00468,                0.00468
                     68,               0.071921,               0.017022,               0.025078,                      0,                0.26408,                      1,                  0.398,                0.19853,                      1,                0.88302,                  0.995,                0.67276,                 0.0445,              0.0088571,                 0.0131,                      0,               0.036719,              0.0047192,              0.0047192
                     69,               0.075739,               0.012543,               0.027847,                      0,                0.26408,                      1,                  0.398,                0.19853,                      1,                0.88302,                  0.995,                0.67276,                 0.0445,              0.0088571,                 0.0131,                      0,               0.035758,              0.0047575,              0.0047575
                     70,               0.081846,               0.012515,               0.021467,                      0,                0.38536,                      1,                  0.398,                0.20228,                0.90382,                      1,                  0.995,                0.66333,                 0.0469,              0.0084622,               0.012508,                      0,               0.034795,               0.004795,               0.004795
                     71,               0.078081,               0.012993,                0.02475,                      0,                0.38536,                      1,                  0.398,                0.20228,                0.90382,                      1,                  0.995,                0.66333,                 0.0469,              0.0084622,               0.012508,                      0,               0.033832,              0.0048316,              0.0048316
                     72,               0.068139,               0.010598,                 0.0202,                      0,                0.38536,                      1,                  0.398,                0.20228,                0.90382,                      1,                  0.995,                0.66333,                 0.0469,              0.0084622,               0.012508,                      0,               0.032867,              0.0048672,              0.0048672
                     73,               0.045033,               0.011602,               0.019853,                      0,                0.38536,                      1,                  0.398,                0.20228,                0.90382,                      1,                  0.995,                0.66333,                 0.0469,              0.0084622,               0.012508,                      0,               0.031902,              0.0049019,              0.0049019
                     74,               0.044344,               0.016702,               0.021573,                      0,                0.38536,                      1,                  0.398,                0.20228,                0.90382,                      1,                  0.995,                0.66333,                 0.0469,              0.0084622,               0.012508,                      0,               0.030936,              0.0049358,              0.0049358
                     75,                 0.0876,               0.007154,               0.016424,                      0,                0.38536,                      1,                  0.398,                0.20228,                0.90382,                      1,                  0.995,                0.66333,                 0.0469,              0.0084622,               0.012508,                      0,               0.029969,              0.0049688,              0.0049688
                     76,               0.078308,                 0.0132,               0.025365,                      0,                 0.1942,                    0.5,                   0.29,                0.11949,                0.87457,                      1,                  0.995,                0.72313,               0.056213,              0.0078623,               0.010884,                      0,               0.029001,              0.0050008,              0.0050008
                     77,               0.081561,                 0.0143,               0.026224,                      0,                 0.1942,                    0.5,                   0.29,                0.11949,                0.87457,                      1,                  0.995,                0.72313,               0.056213,              0.0078623,               0.010884,                      0,               0.028032,               0.005032,               0.005032
                     78,               0.062528,               0.011003,               0.020262,                      0,                 0.1942,                    0.5,                   0.29,                0.11949,                0.87457,                      1,                  0.995,                0.72313,               0.056213,              0.0078623,               0.010884,                      0,               0.027062,              0.0050622,              0.0050622
                     79,               0.081024,               0.021016,               0.020052,                      0,                 0.1942,                    0.5,                   0.29,                0.11949,                0.87457,                      1,                  0.995,                0.72313,               0.056213,              0.0078623,               0.010884,                      0,               0.026092,              0.0050915,              0.0050915
                     80,               0.045627,               0.014914,               0.020146,                      0,                 0.1942,                    0.5,                   0.29,                0.11949,                0.87457,                      1,                  0.995,                0.72313,               0.056213,              0.0078623,               0.010884,                      0,                0.02512,                0.00512,                0.00512
                     81,               0.068134,               0.013529,                0.02369,                      0,                 0.1942,                    0.5,                   0.29,                0.11949,                0.87457,                      1,                  0.995,                0.72313,               0.056213,              0.0078623,               0.010884,                      0,               0.024148,              0.0051475,              0.0051475
                     82,               0.044604,               0.010014,               0.018966,                      0,                 0.1942,                    0.5,                   0.29,                0.11949,                0.87457,                      1,                  0.995,                0.72313,               0.056213,              0.0078623,               0.010884,                      0,               0.023174,              0.0051742,              0.0051742
                     83,               0.071993,               0.013199,               0.022767,                      0,                0.90527,                      1,                  0.995,                0.38335,                0.90527,                      1,                  0.995,                 0.8955,               0.041967,              0.0078165,               0.011733,                      0,                 0.0222,              0.0051999,              0.0051999
                     84,               0.082744,               0.011863,                0.01691,                      0,                0.90527,                      1,                  0.995,                0.38335,                0.90527,                      1,                  0.995,                 0.8955,               0.041967,              0.0078165,               0.011733,                      0,               0.021225,              0.0052248,              0.0052248
                     85,               0.085106,               0.011601,               0.020405,                      0,                0.90527,                      1,                  0.995,                0.38335,                0.90527,                      1,                  0.995,                 0.8955,               0.041967,              0.0078165,               0.011733,                      0,               0.020249,              0.0052487,              0.0052487
                     86,               0.075221,                0.01003,               0.022439,                      0,                0.90527,                      1,                  0.995,                0.38335,                0.90527,                      1,                  0.995,                 0.8955,               0.041967,              0.0078165,               0.011733,                      0,               0.019272,              0.0052718,              0.0052718
                     87,               0.066944,               0.028326,               0.032867,                      0,                0.90527,                      1,                  0.995,                0.38335,                0.90527,                      1,                  0.995,                 0.8955,               0.041967,              0.0078165,               0.011733,                      0,               0.018294,              0.0052939,              0.0052939
                     88,               0.078584,               0.016928,               0.021816,                      0,                0.90527,                      1,                  0.995,                0.38335,                0.90527,                      1,                  0.995,                 0.8955,               0.041967,              0.0078165,               0.011733,                      0,               0.017315,              0.0053152,              0.0053152
                     89,               0.071636,               0.033345,               0.019287,                      0,                0.90527,                      1,                  0.995,                0.38335,                0.90527,                      1,                  0.995,                 0.8955,               0.041967,              0.0078165,               0.011733,                      0,               0.016336,              0.0053355,              0.0053355
                     90,               0.067861,               0.012435,               0.019731,                      0,                 0.3818,                      1,                  0.695,                0.54785,                 0.3818,                      1,                0.82833,                0.61888,               0.036856,              0.0083378,                0.01211,                      0,               0.015355,               0.005355,               0.005355
                     91,               0.079258,               0.012908,               0.020993,                      0,                 0.3818,                      1,                  0.695,                0.54785,                 0.3818,                      1,                0.82833,                0.61888,               0.036856,              0.0083378,                0.01211,                      0,               0.014374,              0.0053735,              0.0053735
                     92,               0.075856,                0.01514,               0.024989,                      0,                 0.3818,                      1,                  0.695,                0.54785,                 0.3818,                      1,                0.82833,                0.61888,               0.036856,              0.0083378,                0.01211,                      0,               0.013391,              0.0053912,              0.0053912
                     93,               0.063999,               0.018376,               0.024256,                      0,                 0.3818,                      1,                  0.695,                0.54785,                 0.3818,                      1,                0.82833,                0.61888,               0.036856,              0.0083378,                0.01211,                      0,               0.012408,              0.0054079,              0.0054079
                     94,               0.072893,               0.019864,               0.021717,                      0,                 0.3818,                      1,                  0.695,                0.54785,                 0.3818,                      1,                0.82833,                0.61888,               0.036856,              0.0083378,                0.01211,                      0,               0.011424,              0.0054238,              0.0054238
                     95,               0.083622,               0.017707,               0.020653,                      0,                 0.3818,                      1,                  0.695,                0.54785,                 0.3818,                      1,                0.82833,                0.61888,               0.036856,              0.0083378,                0.01211,                      0,               0.010439,              0.0054388,              0.0054388
                     96,               0.068197,               0.019909,               0.025863,                      0,                 0.3818,                      1,                  0.695,                0.54785,                 0.3818,                      1,                0.82833,                0.61888,               0.036856,              0.0083378,                0.01211,                      0,              0.0094528,              0.0054528,              0.0054528
                     97,               0.084391,               0.010348,               0.017376,                      0,                 0.3818,                      1,                  0.695,                0.54785,                 0.3818,                      1,                0.82833,                0.61888,               0.036856,              0.0083378,                0.01211,                      0,              0.0084659,              0.0054659,              0.0054659
                     98,               0.079717,               0.014228,               0.018621,                      0,                0.93729,                      1,                  0.995,                0.63037,                0.93729,                      1,                  0.995,                0.73029,               0.026641,              0.0084351,               0.013299,                      0,              0.0074782,              0.0054782,              0.0054782
                     99,               0.067629,               0.030285,               0.030046,                      0,                0.93729,                      1,                  0.995,                0.63037,                0.93729,                      1,                  0.995,                0.73029,               0.026641,              0.0084351,               0.013299,                      0,              0.0064895,              0.0054896,              0.0054896
                    100,               0.081189,               0.017614,               0.026798,                      0,                0.93729,                      1,                  0.995,                0.63037,                0.93729,                      1,                  0.995,                0.73029,               0.026641,              0.0084351,               0.013299,                      0,                 0.0055,                 0.0055,                 0.0055
                    101,               0.039093,               0.011099,               0.016997,                      0,                0.93729,                      1,                  0.995,                0.63037,                0.93729,                      1,                  0.995,                0.73029,               0.026641,              0.0084351,               0.013299,                      0,                 0.0055,                 0.0055,                 0.0055
                    102,               0.076933,               0.010595,               0.022725,                      0,                0.93729,                      1,                  0.995,                0.63037,                0.93729,                      1,                  0.995,                0.73029,               0.026641,              0.0084351,               0.013299,                      0,               0.005455,               0.005455,               0.005455
                    103,               0.079621,               0.014639,                0.02136,                      0,                0.93729,                      1,                  0.995,                0.63037,                0.93729,                      1,                  0.995,                0.73029,               0.026641,              0.0084351,               0.013299,                      0,                0.00541,                0.00541,                0.00541
                    104,                0.07871,               0.015589,               0.020152,                      0,                0.93729,                      1,                  0.995,                0.63037,                0.93729,                      1,                  0.995,                0.73029,               0.026641,              0.0084351,               0.013299,                      0,               0.005365,               0.005365,               0.005365
                    105,               0.070257,               0.010137,               0.019672,                      0,                0.93729,                      1,                  0.995,                0.63037,                0.93729,                      1,                  0.995,                0.73029,               0.026641,              0.0084351,               0.013299,                      0,                0.00532,                0.00532,                0.00532
                    106,               0.082665,               0.015616,               0.024389,                      0,                0.54331,                      1,                  0.995,                0.64613,                0.54331,                      1,                  0.995,                 0.8955,               0.024524,               0.010149,               0.013942,                      0,               0.005275,               0.005275,               0.005275
                    107,               0.038424,               0.011144,               0.020561,                      0,                0.54331,                      1,                  0.995,                0.64613,                0.54331,                      1,                  0.995,                 0.8955,               0.024524,               0.010149,               0.013942,                      0,                0.00523,                0.00523,                0.00523
                    108,               0.069177,                0.01401,               0.029389,                      0,                0.54331,                      1,                  0.995,                0.64613,                0.54331,                      1,                  0.995,                 0.8955,               0.024524,               0.010149,               0.013942,                      0,               0.005185,               0.005185,               0.005185
                    109,               0.073897,               0.014891,               0.027823,                      0,                0.54331,                      1,                  0.995,                0.64613,                0.54331,                      1,                  0.995,                 0.8955,               0.024524,               0.010149,               0.013942,                      0,                0.00514,                0.00514,                0.00514
                    110,               0.074113,               0.019169,               0.022961,                      0,                0.54331,                      1,                  0.995,                0.64613,                0.54331,                      1,                  0.995,                 0.8955,               0.024524,               0.010149,               0.013942,                      0,               0.005095,               0.005095,               0.005095
                    111,               0.072698,               0.012902,               0.025064,                      0,                0.54331,                      1,                  0.995,                0.64613,                0.54331,                      1,                  0.995,                 0.8955,               0.024524,               0.010149,               0.013942,                      0,                0.00505,                0.00505,                0.00505
                    112,               0.057604,               0.017857,               0.025374,                      0,                0.54331,                      1,                  0.995,                0.64613,                0.54331,                      1,                  0.995,                 0.8955,               0.024524,               0.010149,               0.013942,                      0,               0.005005,               0.005005,               0.005005
                    113,               0.070309,               0.013254,                0.02924,                      0,                0.54331,                      1,                  0.995,                0.64613,                0.54331,                      1,                  0.995,                 0.8955,               0.024524,               0.010149,               0.013942,                      0,                0.00496,                0.00496,                0.00496
                    114,               0.062096,                0.01488,                0.01881,                      0,                0.88263,                      1,                  0.995,                0.45422,                0.88263,                      1,                  0.995,                 0.7875,               0.036278,               0.013336,               0.012713,                      0,               0.004915,               0.004915,               0.004915
                    115,               0.077759,               0.018051,               0.018639,                      0,                0.88263,                      1,                  0.995,                0.45422,                0.88263,                      1,                  0.995,                 0.7875,               0.036278,               0.013336,               0.012713,                      0,                0.00487,                0.00487,                0.00487
                    116,               0.083324,               0.015136,               0.027987,                      0,                0.88263,                      1,                  0.995,                0.45422,                0.88263,                      1,                  0.995,                 0.7875,               0.036278,               0.013336,               0.012713,                      0,               0.004825,               0.004825,               0.004825
                    117,               0.040875,               0.027299,               0.017132,                      0,                0.88263,                      1,                  0.995,                0.45422,                0.88263,                      1,                  0.995,                 0.7875,               0.036278,               0.013336,               0.012713,                      0,                0.00478,                0.00478,                0.00478
                    118,               0.075254,               0.014951,               0.016956,                      0,                0.88263,                      1,                  0.995,                0.45422,                0.88263,                      1,                  0.995,                 0.7875,               0.036278,               0.013336,               0.012713,                      0,               0.004735,               0.004735,               0.004735
                    119,               0.078844,               0.018738,               0.028663,                      0,                0.88263,                      1,                  0.995,                0.45422,                0.88263,                      1,                  0.995,                 0.7875,               0.036278,               0.013336,               0.012713,                      0,                0.00469,                0.00469,                0.00469
                    120,               0.047566,               0.017253,               0.020884,                      0,                0.88263,                      1,                  0.995,                0.45422,                0.88263,                      1,                  0.995,                 0.7875,               0.036278,               0.013336,               0.012713,                      0,               0.004645,               0.004645,               0.004645
                    121,               0.082796,               0.010575,               0.022097,                      0,                0.88263,                      1,                  0.995,                0.45422,                0.88263,                      1,                  0.995,                 0.7875,               0.036278,               0.013336,               0.012713,                      0,                 0.0046,                 0.0046,                 0.0046
                    122,               0.079814,               0.012146,               0.019811,                      0,                0.88524,                      1,                  0.995,                0.41116,                0.88524,                      1,                  0.995,                0.74563,               0.039374,               0.013742,               0.012713,                      0,               0.004555,               0.004555,               0.004555
                    123,                0.06675,               0.010215,               0.017017,                      0,                0.88524,                      1,                  0.995,                0.41116,                0.88524,                      1,                  0.995,                0.74563,               0.039374,               0.013742,               0.012713,                      0,                0.00451,                0.00451,                0.00451
                    124,               0.073961,               0.014531,               0.018537,                      0,                0.88524,                      1,                  0.995,                0.41116,                0.88524,                      1,                  0.995,                0.74563,               0.039374,               0.013742,               0.012713,                      0,               0.004465,               0.004465,               0.004465
                    125,               0.085462,               0.016317,               0.018641,                      0,                0.88524,                      1,                  0.995,                0.41116,                0.88524,                      1,                  0.995,                0.74563,               0.039374,               0.013742,               0.012713,                      0,                0.00442,                0.00442,                0.00442
                    126,               0.077102,              0.0094441,               0.019616,                      0,                0.88524,                      1,                  0.995,                0.41116,                0.88524,                      1,                  0.995,                0.74563,               0.039374,               0.013742,               0.012713,                      0,               0.004375,               0.004375,               0.004375
                    127,               0.074732,              0.0084932,               0.025293,                      0,                0.88524,                      1,                  0.995,                0.41116,                0.88524,                      1,                  0.995,                0.74563,               0.039374,               0.013742,               0.012713,                      0,                0.00433,                0.00433,                0.00433
                    128,               0.076394,              0.0088083,               0.018279,                      0,                0.88524,                      1,                  0.995,                0.41116,                0.88524,                      1,                  0.995,                0.74563,               0.039374,               0.013742,               0.012713,                      0,               0.004285,               0.004285,               0.004285
                    129,               0.081754,               0.015419,               0.020584,                      0,                0.88524,                      1,                  0.995,                0.41116,                0.88524,                      1,                  0.995,                0.74563,               0.039374,               0.013742,               0.012713,                      0,                0.00424,                0.00424,                0.00424
                    130,               0.050611,               0.019635,               0.013654,                      0,                0.66523,                      1,                  0.995,                0.37296,                0.66523,                      1,                  0.995,                0.82888,               0.036698,               0.012065,                0.01211,                      0,               0.004195,               0.004195,               0.004195
                    131,               0.075675,               0.018121,               0.017956,                      0,                0.66523,                      1,                  0.995,                0.37296,                0.66523,                      1,                  0.995,                0.82888,               0.036698,               0.012065,                0.01211,                      0,                0.00415,                0.00415,                0.00415
                    132,               0.068773,                0.02049,               0.019738,                      0,                0.66523,                      1,                  0.995,                0.37296,                0.66523,                      1,                  0.995,                0.82888,               0.036698,               0.012065,                0.01211,                      0,               0.004105,               0.004105,               0.004105
                    133,               0.073715,               0.022816,               0.017355,                      0,                0.66523,                      1,                  0.995,                0.37296,                0.66523,                      1,                  0.995,                0.82888,               0.036698,               0.012065,                0.01211,                      0,                0.00406,                0.00406,                0.00406
                    134,                0.08041,              0.0093073,               0.019233,                      0,                0.66523,                      1,                  0.995,                0.37296,                0.66523,                      1,                  0.995,                0.82888,               0.036698,               0.012065,                0.01211,                      0,               0.004015,               0.004015,               0.004015
                    135,               0.085014,               0.011712,               0.019263,                      0,                0.66523,                      1,                  0.995,                0.37296,                0.66523,                      1,                  0.995,                0.82888,               0.036698,               0.012065,                0.01211,                      0,                0.00397,                0.00397,                0.00397
                    136,               0.067859,               0.013519,               0.019436,                      0,                0.66523,                      1,                  0.995,                0.37296,                0.66523,                      1,                  0.995,                0.82888,               0.036698,               0.012065,                0.01211,                      0,               0.003925,               0.003925,               0.003925
                    137,               0.068581,               0.023488,               0.017596,                      0,                0.66523,                      1,                  0.995,                0.37296,                0.66523,                      1,                  0.995,                0.82888,               0.036698,               0.012065,                0.01211,                      0,                0.00388,                0.00388,                0.00388
                    138,                0.07798,               0.013523,               0.020528,                      0,                0.81538,                      1,                  0.995,                0.45269,                0.81538,                      1,                  0.995,                0.82079,                0.03712,               0.012131,               0.012355,                      0,               0.003835,               0.003835,               0.003835
                    139,               0.068725,               0.012344,               0.019357,                      0,                0.81538,                      1,                  0.995,                0.45269,                0.81538,                      1,                  0.995,                0.82079,                0.03712,               0.012131,               0.012355,                      0,                0.00379,                0.00379,                0.00379
                    140,               0.073731,               0.014164,               0.019933,                      0,                0.81538,                      1,                  0.995,                0.45269,                0.81538,                      1,                  0.995,                0.82079,                0.03712,               0.012131,               0.012355,                      0,               0.003745,               0.003745,               0.003745
                    141,               0.072987,                0.01064,               0.023342,                      0,                0.81538,                      1,                  0.995,                0.45269,                0.81538,                      1,                  0.995,                0.82079,                0.03712,               0.012131,               0.012355,                      0,                 0.0037,                 0.0037,                 0.0037
                    142,               0.063782,               0.016281,               0.019495,                      0,                0.81538,                      1,                  0.995,                0.45269,                0.81538,                      1,                  0.995,                0.82079,                0.03712,               0.012131,               0.012355,                      0,               0.003655,               0.003655,               0.003655
                    143,               0.061757,               0.027634,               0.019517,                      0,                0.81538,                      1,                  0.995,                0.45269,                0.81538,                      1,                  0.995,                0.82079,                0.03712,               0.012131,               0.012355,                      0,                0.00361,                0.00361,                0.00361
                    144,               0.062869,               0.010574,                0.02109,                      0,                0.81538,                      1,                  0.995,                0.45269,                0.81538,                      1,                  0.995,                0.82079,                0.03712,               0.012131,               0.012355,                      0,               0.003565,               0.003565,               0.003565
                    145,               0.076298,               0.015003,               0.022767,                      0,                0.81538,                      1,                  0.995,                0.45269,                0.81538,                      1,                  0.995,                0.82079,                0.03712,               0.012131,               0.012355,                      0,                0.00352,                0.00352,                0.00352
                    146,                0.07456,               0.013247,               0.025222,                      0,                0.88449,                      1,                  0.995,                0.74604,                0.88449,                      1,                  0.995,                 0.8955,               0.038031,               0.012088,               0.011797,                      0,               0.003475,               0.003475,               0.003475
                    147,               0.072827,               0.013496,               0.017946,                      0,                0.88449,                      1,                  0.995,                0.74604,                0.88449,                      1,                  0.995,                 0.8955,               0.038031,               0.012088,               0.011797,                      0,                0.00343,                0.00343,                0.00343
                    148,               0.055765,               0.011059,               0.020772,                      0,                0.88449,                      1,                  0.995,                0.74604,                0.88449,                      1,                  0.995,                 0.8955,               0.038031,               0.012088,               0.011797,                      0,               0.003385,               0.003385,               0.003385
                    149,               0.066508,               0.010597,               0.018531,                      0,                0.88449,                      1,                  0.995,                0.74604,                0.88449,                      1,                  0.995,                 0.8955,               0.038031,               0.012088,               0.011797,                      0,                0.00334,                0.00334,                0.00334
                    150,               0.070443,               0.017019,               0.019942,                      0,                0.88449,                      1,                  0.995,                0.74604,                0.88449,                      1,                  0.995,                 0.8955,               0.038031,               0.012088,               0.011797,                      0,               0.003295,               0.003295,               0.003295
                    151,               0.073909,               0.022673,               0.017219,                      0,                0.88449,                      1,                  0.995,                0.74604,                0.88449,                      1,                  0.995,                 0.8955,               0.038031,               0.012088,               0.011797,                      0,                0.00325,                0.00325,                0.00325
                    152,               0.060955,              0.0098074,               0.022052,                      0,                0.88449,                      1,                  0.995,                0.74604,                0.88449,                      1,                  0.995,                 0.8955,               0.038031,               0.012088,               0.011797,                      0,               0.003205,               0.003205,               0.003205
                    153,               0.082867,               0.017471,               0.024025,                      0,                0.88449,                      1,                  0.995,                0.74604,                0.88449,                      1,                  0.995,                 0.8955,               0.038031,               0.012088,               0.011797,                      0,                0.00316,                0.00316,                0.00316
                    154,               0.078149,               0.017556,               0.026693,                      0,                0.93905,                      1,                  0.995,                0.54704,                0.93905,                      1,                  0.995,                0.74604,               0.040025,               0.011991,               0.011471,                      0,               0.003115,               0.003115,               0.003115
                    155,               0.075953,               0.031433,               0.024104,                      0,                0.93905,                      1,                  0.995,                0.54704,                0.93905,                      1,                  0.995,                0.74604,               0.040025,               0.011991,               0.011471,                      0,                0.00307,                0.00307,                0.00307
                    156,               0.078007,               0.023034,                0.02746,                      0,                0.93905,                      1,                  0.995,                0.54704,                0.93905,                      1,                  0.995,                0.74604,               0.040025,               0.011991,               0.011471,                      0,               0.003025,               0.003025,               0.003025
                    157,                0.05485,                0.01963,               0.019668,                      0,                0.93905,                      1,                  0.995,                0.54704,                0.93905,                      1,                  0.995,                0.74604,               0.040025,               0.011991,               0.011471,                      0,                0.00298,                0.00298,                0.00298
                    158,               0.072625,               0.014355,               0.017534,                      0,                0.93905,                      1,                  0.995,                0.54704,                0.93905,                      1,                  0.995,                0.74604,               0.040025,               0.011991,               0.011471,                      0,               0.002935,               0.002935,               0.002935
                    159,                0.08743,               0.012244,               0.015561,                      0,                0.93905,                      1,                  0.995,                0.54704,                0.93905,                      1,                  0.995,                0.74604,               0.040025,               0.011991,               0.011471,                      0,                0.00289,                0.00289,                0.00289
                    160,               0.064284,               0.015853,               0.021119,                      0,                0.93905,                      1,                  0.995,                0.54704,                0.93905,                      1,                  0.995,                0.74604,               0.040025,               0.011991,               0.011471,                      0,               0.002845,               0.002845,               0.002845
                    161,               0.051035,               0.012759,               0.020328,                      0,                0.93905,                      1,                  0.995,                0.54704,                0.93905,                      1,                  0.995,                0.74604,               0.040025,               0.011991,               0.011471,                      0,                 0.0028,                 0.0028,                 0.0028
                    162,               0.070165,               0.021156,                0.02567,                      0,                0.93268,                      1,                  0.995,                0.64654,                0.93268,                      1,                  0.995,                  0.796,                0.04069,               0.011752,               0.011089,                      0,               0.002755,               0.002755,               0.002755
                    163,                0.06723,               0.017496,               0.019783,                      0,                0.93268,                      1,                  0.995,                0.64654,                0.93268,                      1,                  0.995,                  0.796,                0.04069,               0.011752,               0.011089,                      0,                0.00271,                0.00271,                0.00271
                    164,               0.066311,               0.016448,                0.02274,                      0,                0.93268,                      1,                  0.995,                0.64654,                0.93268,                      1,                  0.995,                  0.796,                0.04069,               0.011752,               0.011089,                      0,               0.002665,               0.002665,               0.002665
                    165,               0.062729,               0.016657,               0.021462,                      0,                0.93268,                      1,                  0.995,                0.64654,                0.93268,                      1,                  0.995,                  0.796,                0.04069,               0.011752,               0.011089,                      0,                0.00262,                0.00262,                0.00262
                    166,               0.069305,               0.014597,               0.025525,                      0,                0.93268,                      1,                  0.995,                0.64654,                0.93268,                      1,                  0.995,                  0.796,                0.04069,               0.011752,               0.011089,                      0,               0.002575,               0.002575,               0.002575
                    167,               0.071731,               0.018015,               0.024121,                      0,                0.93268,                      1,                  0.995,                0.64654,                0.93268,                      1,                  0.995,                  0.796,                0.04069,               0.011752,               0.011089,                      0,                0.00253,                0.00253,                0.00253
                    168,               0.062654,               0.012498,               0.023634,                      0,                0.93268,                      1,                  0.995,                0.64654,                0.93268,                      1,                  0.995,                  0.796,                0.04069,               0.011752,               0.011089,                      0,               0.002485,               0.002485,               0.002485
                    169,               0.061617,               0.011136,               0.021642,                      0,                0.93268,                      1,                  0.995,                0.64654,                0.93268,                      1,                  0.995,                  0.796,                0.04069,               0.011752,               0.011089,                      0,                0.00244,                0.00244,                0.00244
                    170,               0.065933,               0.015141,               0.020247,                      0,                0.90098,                      1,                  0.995,                0.84554,                0.90098,                      1,                  0.995,                 0.8955,               0.037584,               0.011671,               0.010934,                      0,               0.002395,               0.002395,               0.002395
                    171,               0.064034,               0.021163,                0.02238,                      0,                0.90098,                      1,                  0.995,                0.84554,                0.90098,                      1,                  0.995,                 0.8955,               0.037584,               0.011671,               0.010934,                      0,                0.00235,                0.00235,                0.00235
                    172,                0.06624,               0.013334,               0.022121,                      0,                0.90098,                      1,                  0.995,                0.84554,                0.90098,                      1,                  0.995,                 0.8955,               0.037584,               0.011671,               0.010934,                      0,               0.002305,               0.002305,               0.002305
                    173,               0.070615,               0.016798,               0.017259,                      0,                0.90098,                      1,                  0.995,                0.84554,                0.90098,                      1,                  0.995,                 0.8955,               0.037584,               0.011671,               0.010934,                      0,                0.00226,                0.00226,                0.00226
                    174,               0.067923,               0.013217,               0.022922,                      0,                0.90098,                      1,                  0.995,                0.84554,                0.90098,                      1,                  0.995,                 0.8955,               0.037584,               0.011671,               0.010934,                      0,               0.002215,               0.002215,               0.002215
                    175,                0.05524,               0.025879,               0.018232,                      0,                0.90098,                      1,                  0.995,                0.84554,                0.90098,                      1,                  0.995,                 0.8955,               0.037584,               0.011671,               0.010934,                      0,                0.00217,                0.00217,                0.00217
                    176,               0.066911,               0.010282,               0.022827,                      0,                0.90098,                      1,                  0.995,                0.84554,                0.90098,                      1,                  0.995,                 0.8955,               0.037584,               0.011671,               0.010934,                      0,               0.002125,               0.002125,               0.002125
                    177,               0.067978,               0.013064,                0.01582,                      0,                0.90098,                      1,                  0.995,                0.84554,                0.90098,                      1,                  0.995,                 0.8955,               0.037584,               0.011671,               0.010934,                      0,                0.00208,                0.00208,                0.00208
                    178,               0.068923,               0.011424,               0.020044,                      0,                0.85443,                      1,                  0.995,                0.62179,                0.85443,                      1,                  0.995,                 0.8955,               0.035219,               0.011437,               0.011031,                      0,               0.002035,               0.002035,               0.002035
                    179,               0.063706,              0.0077041,               0.021378,                      0,                0.85443,                      1,                  0.995,                0.62179,                0.85443,                      1,                  0.995,                 0.8955,               0.035219,               0.011437,               0.011031,                      0,                0.00199,                0.00199,                0.00199
                    180,               0.063419,               0.022174,               0.026052,                      0,                0.85443,                      1,                  0.995,                0.62179,                0.85443,                      1,                  0.995,                 0.8955,               0.035219,               0.011437,               0.011031,                      0,               0.001945,               0.001945,               0.001945
                    181,                 0.0612,               0.019472,               0.022503,                      0,                0.85443,                      1,                  0.995,                0.62179,                0.85443,                      1,                  0.995,                 0.8955,               0.035219,               0.011437,               0.011031,                      0,                 0.0019,                 0.0019,                 0.0019
                    182,               0.061141,              0.0083071,               0.015224,                      0,                0.85443,                      1,                  0.995,                0.62179,                0.85443,                      1,                  0.995,                 0.8955,               0.035219,               0.011437,               0.011031,                      0,               0.001855,               0.001855,               0.001855
                    183,               0.063612,               0.022968,               0.034846,                      0,                0.85443,                      1,                  0.995,                0.62179,                0.85443,                      1,                  0.995,                 0.8955,               0.035219,               0.011437,               0.011031,                      0,                0.00181,                0.00181,                0.00181
                    184,               0.036084,               0.011019,               0.013474,                      0,                0.85443,                      1,                  0.995,                0.62179,                0.85443,                      1,                  0.995,                 0.8955,               0.035219,               0.011437,               0.011031,                      0,               0.001765,               0.001765,               0.001765
                    185,                0.07475,               0.030656,               0.019207,                      0,                0.85443,                      1,                  0.995,                0.62179,                0.85443,                      1,                  0.995,                 0.8955,               0.035219,               0.011437,               0.011031,                      0,                0.00172,                0.00172,                0.00172
                    186,               0.059329,              0.0092805,                0.02028,                      0,                0.82621,                      1,                  0.995,                0.56383,                0.82621,                      1,                  0.995,                 0.8955,                0.03483,                0.01067,               0.010817,                      0,               0.001675,               0.001675,               0.001675
                    187,               0.069974,              0.0099664,               0.025482,                      0,                0.82621,                      1,                  0.995,                0.56383,                0.82621,                      1,                  0.995,                 0.8955,                0.03483,                0.01067,               0.010817,                      0,                0.00163,                0.00163,                0.00163
                    188,               0.032813,               0.011289,               0.012751,                      0,                0.82621,                      1,                  0.995,                0.56383,                0.82621,                      1,                  0.995,                 0.8955,                0.03483,                0.01067,               0.010817,                      0,               0.001585,               0.001585,               0.001585
                    189,               0.059291,               0.010476,               0.022149,                      0,                0.82621,                      1,                  0.995,                0.56383,                0.82621,                      1,                  0.995,                 0.8955,                0.03483,                0.01067,               0.010817,                      0,                0.00154,                0.00154,                0.00154
                    190,               0.051717,              0.0093724,               0.015983,                      0,                0.82621,                      1,                  0.995,                0.56383,                0.82621,                      1,                  0.995,                 0.8955,                0.03483,                0.01067,               0.010817,                      0,               0.001495,               0.001495,               0.001495
                    191,               0.061402,                 0.0196,               0.017534,                      0,                0.82621,                      1,                  0.995,                0.56383,                0.82621,                      1,                  0.995,                 0.8955,                0.03483,                0.01067,               0.010817,                      0,                0.00145,                0.00145,                0.00145
                    192,               0.060699,               0.013152,               0.019191,                      0,                0.82621,                      1,                  0.995,                0.56383,                0.82621,                      1,                  0.995,                 0.8955,                0.03483,                0.01067,               0.010817,                      0,               0.001405,               0.001405,               0.001405
                    193,               0.063534,              0.0091091,               0.019768,                      0,                0.82621,                      1,                  0.995,                0.56383,                0.82621,                      1,                  0.995,                 0.8955,                0.03483,                0.01067,               0.010817,                      0,                0.00136,                0.00136,                0.00136
                    194,                0.03089,              0.0086299,               0.014929,                      0,                0.92085,                      1,                  0.995,                  0.597,                0.92085,                      1,                  0.995,                 0.8955,                0.02982,              0.0098757,               0.010705,                      0,               0.001315,               0.001315,               0.001315
                    195,               0.062591,               0.010171,               0.019473,                      0,                0.92085,                      1,                  0.995,                  0.597,                0.92085,                      1,                  0.995,                 0.8955,                0.02982,              0.0098757,               0.010705,                      0,                0.00127,                0.00127,                0.00127
                    196,               0.062855,               0.014187,                0.02121,                      0,                0.92085,                      1,                  0.995,                  0.597,                0.92085,                      1,                  0.995,                 0.8955,                0.02982,              0.0098757,               0.010705,                      0,               0.001225,               0.001225,               0.001225
                    197,               0.060604,               0.018041,               0.023106,                      0,                0.92085,                      1,                  0.995,                  0.597,                0.92085,                      1,                  0.995,                 0.8955,                0.02982,              0.0098757,               0.010705,                      0,                0.00118,                0.00118,                0.00118
                    198,               0.032009,              0.0094498,               0.012815,                      0,                0.92085,                      1,                  0.995,                  0.597,                0.92085,                      1,                  0.995,                 0.8955,                0.02982,              0.0098757,               0.010705,                      0,               0.001135,               0.001135,               0.001135
                    199,                0.05441,               0.020478,               0.019984,                      0,                0.92085,                      1,                  0.995,                  0.597,                0.92085,                      1,                  0.995,                 0.8955,                0.02982,              0.0098757,               0.010705,                      0,                0.00109,                0.00109,                0.00109
                    201,                0.90098,                      1,                  0.995,                0.84554,                0.90098,                      1,                  0.995,                 0.8955,               0.037579,               0.011679,               0.010925,                      0
